CustomerName,Email,Phone,City,Country
evelyn grifFith ,rhonda59@hotmail.com,+1-438-173-1761x00698,EaSt BRiAnHavEn,American Samoa
mATThEw JohNSOn ,wellsnathan@hotmail.com,001-225-364-3497x9192,danIeLvILle,Isle of Man
kelLY MiLleR,boydamandayahoo.com,001-450-632-4425x598,EAsT MIcHaeLhaVEN,South Georgia and the South Sandwich Islands
JeNnIfEr MORSe,kleon@gmail.com,837.418.2496,bAkeRHaVEN,Norfolk Island
DonALd MILler,shannondougherty@gray.info,179.662.1761,jaSONBuRy,Sri Lanka
TROy JOHNsON,brandon95@gutierrez.com,(823)163-9002,poRT erIN,United States of America
kAthERInE HoDge,idavis@gmail.com,+1-770-458-2963x52961,wEST PaTRIckStad,Saint Barthelemy
LAUreN benITEZ ,cruzmichelle@miller-douglas.com,114.309.3049,,Taiwan
AMAnDa GREeNe,,292-114-8567x472,BoOkERChEsteR,Algeria
TArA ClARK,tiffanymoon@gmail.com,(543)149-9122,aSHlEybeRG,Saint Martin
AUtUmn AguILAr,ashleygarcia@palmer.com,536-800-7156x884,hERnanDEzToWN,
dEAN McdonALd ,john24@james.biz,001-110-218-0035,BurNSsHiRE,Nicaragua
ANdrew smITH,millercarolyn@woodward-robertson.com,+1-314-995-5319x15840,WeSt kATeLYNsHiRe,Zambia
NICOLE CALdWeLL,michael56@gmail.com,(505)044-0329x006,lauRENmOUTh,Oman
ClAyTON dOYlE,,436-232-7680,rOdRiGuEZshIre,Cook Islands
jENNy hEBErT,amber57@mack-garcia.com,(737)060-1379x765,Port jonAtHaNbUrY,American Samoa
dANIel caRlSOn,jthompson@chandler.com,+1-987-498-5810x2424,norTH chRistInASiDe,Faroe Islands
EVElyN bElL,nanderson@hotmail.com,505-710-8580x28077,nORTH andREWFurt,Togo
JErEmy CUnNinGham,veronicathompson@stevens.org,(015)875-4305x0287,porT MARk,
jonaThAn AGuIlAR,,(798)572-5819x653,wINtERsPoRT,Argentina
LoRi kiNg,marie19@stewart.com,025.580.4437,,
GErald jOnEs,bakerdanielle@white.org,998.899.3487,jeSSecHestER,Isle of Man
jamEs Moore,fletcherchristine@chapman.net,062-324-8303x0676,WesT bRIanbUrY,South Africa
JUStin SanDErs,mkaiser@greene-perez.org,871.057.3479,murPhYForT,
kAThLeEN marTIn,bwilliamson@yahoo.com,+1-106-417-3088x2975,EASt hEAtheR,Pakistan
DAnA lANDRY,,,bOblAND,Honduras
JohN grIMeS ,smithsandra@davis.org,488.970.7152,JasOnmouTh,Senegal
MaSOn WheELer,alec05@yahoo.com,,East BrIaNVillE,Croatia
anTHONY loPeZ,christina08@yahoo.com,,DAWnchEster,Bermuda
mAria NASh,teresastrickland@davidson.com,001-312-656-9820x37413,lAKE AiMEE,Mauritius
CHrIstOPheR feRGuSon,tranemily@yahoo.com,221.160.5003,ginasIde,Turkmenistan
tINA HaMILtOn,adamsmonica@gmail.com,(345)940-4194,LakE SoniavIlLe,Zimbabwe
KATHY TOwNSEnD,jenniferwilliams@gmail.com,001-357-281-9989,lAke DerEk,
NATAlIE CRuz,kathy95@yahoo.com,734-897-9871x38599,aARonPORT,French Southern Territories
jonatHAn IbaRRA ,douglas49@garner.com,168.835.4113x229,LAKE SCOTt,Niue
jUlIE Conrad,,(804)355-1471,GutIERREZfurt,Congo
JESSica DiXon,millerstephanie@houston.biz,089.994.6705x064,WEST alex,Reunion
LYNn powErS,eric88@hotmail.com,001-953-095-3185x855,soUTh DANiELleforT,Belgium
bRandoN FitzGErAlD,mcgeecindy@barrera.com,246.568.1025,NEw ADAMbUrGH,Saudi Arabia
jasmiNE LOpEZ,penningtontracie@gmail.com,(352)002-5671x46096,sOUth KENNEthviLLe,Libyan Arab Jamahiriya
COUrtNEY lOpez,sean35@gmail.com,666.734.4155,,New Zealand
PaTRIck peTty,delgadotravis@bautista-owens.com,279.968.7058,SouTh mIKEtON,Yemen
STevEn STONE,robert31@davis.com,063.593.5801x74669,JOhnTown,Martinique
rEBecca gloVEr,orobertselliott-mitchell.com,(980)435-2142,nORtH jOannAMouTH,Israel
ElizaBETH CoHEn ,knoxlisa@hubbard.com,+1-031-674-8484,AdamView,Lesotho
julIE Lamb ddS,haley77johnson-owens.com,,KhANVIlLe,Algeria
lEsliE MorAn,richardsjennifer@yahoo.com,,rILEyborOUGH,Palestinian Territory
josHua NeLSON,amyfritz@gmail.com,676-208-9919,,
wHitneY brOWN,james12@york.com,(491)362-4986x347,CobBmoUTh,Czech Republic
THOmas garCia ,lindseytrevino@robinson.com,188.777.1466x9137,SMiThSHIrE,Cyprus
AnTonio WebeR ,jacob14@vaughan-greer.com,(911)835-7688,,Dominican Republic
frED jOnES,williamsashley@yahoo.com,001-493-236-6035x39390,NEw PATRICiabUrY,Niue
mIchAEl wArD,douglasjones@gmail.com,292-551-0604,weST VAneSSa,Sri Lanka
Ms. MONiQuE lowe ,yallen@gmail.com,(628)202-8234x6286,,
dr. EaRL mcCANN Ii,lisahuber@hotmail.com,126-056-0883x62902,new jeSSIcaTown,Timor-Leste
JASmINE pOTter,wilsonstephanie@davis.com,381-164-1597x635,MicHAelmouTh,Cuba
CaroL HenDerSoN,sullivanmelinda@gmail.com,(366)995-2547x5689,SouTH StEVen,Kenya
kiM TorREs ,garrettthompson@yahoo.com,504-667-0245x89264,LakE amANdaBuRgh,Seychelles
chRiSTian wArren,seangarcia@yahoo.com,,NeW jaMES,Kazakhstan
juLiE RobinSon,kimberly10@gutierrez.com,(378)844-3589,angElAHaVeN,Yemen
chRIsTopHeR WaLLace,joseph93@yahoo.com,9574540193,deNisEmoutH,Guatemala
sTEVEN hOWArD ,echavez@patton.com,296.885.9928x76146,NeW ANnEttEtowN,Uruguay
EliZaBETH Jones,kimberly97@rogers.com,470-176-1779x43487,,Iran
lInDa wEBsTER,linmatthew@yahoo.com,(731)365-4531,jOnATHANvILlE,Afghanistan
jeffrEy nash ,bradleypatton@taylor.com,456.457.8184,nORtH mELISSA,
katRiNA donaLDSOn,,602.615.3908x2861,eASt RIchARDfOrT,Cambodia
Michael MilLeR,ortizkristine@gmail.com,083.261.9047,camPBellBeRG,Slovakia (Slovak Republic)
kElsey HintOn,pamela65@yahoo.com,504.589.5741,lake naNcy,Nicaragua
JoHN MiRAndA,claudiamartinez@gmail.com,,TAyLORpOrT,Northern Mariana Islands
KRIStEn WiLliamS,wgray@hotmail.com,935.589.1085x591,VElEzhAveN,Gabon
DONnA TurNEr,nmiller@hotmail.com,,POrt lIsA,New Caledonia
TIFFanY pOwELL,christinawilliams@crawford.net,(290)338-6413x831,weSt mARiA,Wallis and Futuna
kAREn POlLARD,,(808)122-1624,NorTH mITcHEll,
StePHANiE KeNNEdY,morankatherine@hotmail.com,+1-154-703-4972x77725,eaST lAUra,Saint Kitts and Nevis
krisTin terrELL,berrylouispierce-villarreal.com,+1-974-485-3300x011,rOBeRtSoNvILle,Guinea
cIndY sanDERs ,sharonhall@gmail.com,+1-425-432-8944x8674,NoRTh cHARLEs,Australia
janET SMItH,ochoaalfred@gmail.com,7129575226,HerRERaFuRT,Algeria
kAtHrYN SulLIvaN ,michaelruiz@martin.com,2770870823,jameSfORt,Tajikistan
jEsSe SanCHez,deniserogers@davenport.com,,aNdREWBerg,Swaziland
TOdd DOUGherTY,brendanmooney@burke.info,001-425-694-0054x387,,Niger
COnNIE rice,justin16@henry.net,8271139271,AsHleYTowN,
sCott lEe,thompsoncassandra@yahoo.com,(296)391-9515x1662,NEw kellYMoUTh,Solomon Islands
ElizaBeth tUrnEr,sromero@hotmail.com,,new BrenDa,Portugal
jEFFREy klEIN ,cherryashlee@yahoo.com,001-838-042-7290x43194,BroWNFuRT,Mayotte
kYlE rODrIGuEZ,tmitchell@miranda.org,+1-247-843-3399x9163,WOOdHaVEN,Moldova
JiMmY REYNOLDS,wolfebrittany@yahoo.com,001-845-168-6194,nortH sARAH,Mali
JeRmaINe lanE,sbeck@gmail.com,726-686-0474,PORT TereSa,Andorra
DAVid tuRNer ,romerothomas@carter-hanson.com,+1-599-003-8630x64043,aLIsOnSTAd,Sudan
daViD rEyEs,,782.520.6907,,South Georgia and the South Sandwich Islands
CAROl blacK,,001-182-103-2869x669,KiMFURt,Kazakhstan
michele wARNeR,arroyodrew@decker.com,097.379.3383x49705,noRTh jeSSicaMOuTH,Nepal
rObErT HaAs,frobinson@phillips.org,383-996-9265x2534,West HEATherbORoUGh,Singapore
ANDREw MCDaNIEl ,gwilliams@hensley.com,9336668674,GoldENbury,Congo
GeorGe ellis,nicolegreenhotmail.com,+1-347-852-3296x58026,nGUYENLaND,Malawi
tIMoTHy KeIth,darlene33@hotmail.com,544.703.2472,CoLeManSTaD,Gibraltar
KRIsTIn MurpHy,warnold@barnes-meza.biz,065-729-7778,,Tokelau
nicHOlAS JaCKSoN phd,alextrevino@gmail.com,416.670.0271x275,jOHnSoNsTaD,Myanmar
sARah rOcha,,001-301-922-0320x5429,nOrTH niCholAS,Myanmar
barRy mORan ,paul78@hotmail.com,(428)607-1374,PORT STEPhENfurT,Indonesia
eric COX,wangdaniel@maxwell-johnson.info,1421877421,TaraSidE,Nigeria
mATThEw JohNSOn ,wellsnathan@hotmail.com,001-225-364-3497x9192,danIeLvILle,Isle of Man
barRy mORan ,paul78@hotmail.com,(428)607-1374,PORT STEPhENfurT,Indonesia
THOmas garCia ,lindseytrevino@robinson.com,188.777.1466x9137,SMiThSHIrE,Cyprus
