CustomerName,Email,Phone,City,Country,,CustomerID
evelyn grifFith ,rhonda59@hotmail.com,+1-438-173-1761x00698,EaSt BRiAnHavEn,American Samoa,,1
mATThEw JohNSOn ,wellsnathan@hotmail.com,001-225-364-3497x9192,danIeLvILle,Isle of Man,,2
kelLY MiLleR,boydamandayahoo.com,001-450-632-4425x598,EAsT MIcHaeLhaVEN,South Georgia and the South Sandwich Islands,,3
JeNnIfEr MORSe,kleon@gmail.com,837.418.2496,bAkeRHaVEN,Norfolk Island,,4
DonALd MILler,shannondougherty@gray.info,179.662.1761,jaSONBuRy,Sri Lanka,,5
TROy JOHNsON,brandon95@gutierrez.com,(823)163-9002,poRT erIN,United States of America,,6
kAthERInE HoDge,idavis@gmail.com,+1-770-458-2963x52961,wEST PaTRIckStad,Saint Barthelemy,,7
LAUreN benITEZ ,cruzmichelle@miller-douglas.com,114.309.3049,,Taiwan,,8
AMAnDa GREeNe,,292-114-8567x472,BoOkERChEsteR,Algeria,,9
TArA ClARK,tiffanymoon@gmail.com,(543)149-9122,aSHlEybeRG,Saint Martin,,10
AUtUmn AguILAr,ashleygarcia@palmer.com,536-800-7156x884,hERnanDEzToWN,,,11
dEAN McdonALd ,john24@james.biz,001-110-218-0035,BurNSsHiRE,Nicaragua,,12
ANdrew smITH,millercarolyn@woodward-robertson.com,+1-314-995-5319x15840,WeSt kATeLYNsHiRe,Zambia,,13
NICOLE CALdWeLL,michael56@gmail.com,(505)044-0329x006,lauRENmOUTh,Oman,,14
ClAyTON dOYlE,,436-232-7680,rOdRiGuEZshIre,Cook Islands,,15
jENNy hEBErT,amber57@mack-garcia.com,(737)060-1379x765,Port jonAtHaNbUrY,American Samoa,,16
dANIel caRlSOn,jthompson@chandler.com,+1-987-498-5810x2424,norTH chRistInASiDe,Faroe Islands,,17
EVElyN bElL,nanderson@hotmail.com,505-710-8580x28077,nORTH andREWFurt,Togo,,18
JErEmy CUnNinGham,veronicathompson@stevens.org,(015)875-4305x0287,porT MARk,,,19
jonaThAn AGuIlAR,,(798)572-5819x653,wINtERsPoRT,Argentina,,20
LoRi kiNg,marie19@stewart.com,025.580.4437,,,,21
GErald jOnEs,bakerdanielle@white.org,998.899.3487,jeSSecHestER,Isle of Man,,22
jamEs Moore,fletcherchristine@chapman.net,062-324-8303x0676,WesT bRIanbUrY,South Africa,,23
JUStin SanDErs,mkaiser@greene-perez.org,871.057.3479,murPhYForT,,,24
kAThLeEN marTIn,bwilliamson@yahoo.com,+1-106-417-3088x2975,EASt hEAtheR,Pakistan,,25
DAnA lANDRY,,,bOblAND,Honduras,,26
JohN grIMeS ,smithsandra@davis.org,488.970.7152,JasOnmouTh,Senegal,,27
MaSOn WheELer,alec05@yahoo.com,,East BrIaNVillE,Croatia,,28
anTHONY loPeZ,christina08@yahoo.com,,DAWnchEster,Bermuda,,29
mAria NASh,teresastrickland@davidson.com,001-312-656-9820x37413,lAKE AiMEE,Mauritius,,30
CHrIstOPheR feRGuSon,tranemily@yahoo.com,221.160.5003,ginasIde,Turkmenistan,,31
tINA HaMILtOn,adamsmonica@gmail.com,(345)940-4194,LakE SoniavIlLe,Zimbabwe,,32
KATHY TOwNSEnD,jenniferwilliams@gmail.com,001-357-281-9989,lAke DerEk,,,33
NATAlIE CRuz,kathy95@yahoo.com,734-897-9871x38599,aARonPORT,French Southern Territories,,34
jonatHAn IbaRRA ,douglas49@garner.com,168.835.4113x229,LAKE SCOTt,Niue,,35
jUlIE Conrad,,(804)355-1471,GutIERREZfurt,Congo,,36
JESSica DiXon,millerstephanie@houston.biz,089.994.6705x064,WEST alex,Reunion,,37
LYNn powErS,eric88@hotmail.com,001-953-095-3185x855,soUTh DANiELleforT,Belgium,,38
bRandoN FitzGErAlD,mcgeecindy@barrera.com,246.568.1025,NEw ADAMbUrGH,Saudi Arabia,,39
jasmiNE LOpEZ,penningtontracie@gmail.com,(352)002-5671x46096,sOUth KENNEthviLLe,Libyan Arab Jamahiriya,,40
COUrtNEY lOpez,sean35@gmail.com,666.734.4155,,New Zealand,,41
PaTRIck peTty,delgadotravis@bautista-owens.com,279.968.7058,SouTh mIKEtON,Yemen,,42
STevEn STONE,robert31@davis.com,063.593.5801x74669,JOhnTown,Martinique,,43
rEBecca gloVEr,orobertselliott-mitchell.com,(980)435-2142,nORtH jOannAMouTH,Israel,,44
ElizaBETH CoHEn ,knoxlisa@hubbard.com,-9188,AdamView,Lesotho,,45
julIE Lamb ddS,haley77johnson-owens.com,,KhANVIlLe,Algeria,,46
lEsliE MorAn,richardsjennifer@yahoo.com,,rILEyborOUGH,Palestinian Territory,,47
josHua NeLSON,amyfritz@gmail.com,676-208-9919,,,,48
wHitneY brOWN,james12@york.com,(491)362-4986x347,CobBmoUTh,Czech Republic,,49
THOmas garCia ,lindseytrevino@robinson.com,188.777.1466x9137,SMiThSHIrE,Cyprus,,50
AnTonio WebeR ,jacob14@vaughan-greer.com,(911)835-7688,,Dominican Republic,,51
frED jOnES,williamsashley@yahoo.com,001-493-236-6035x39390,NEw PATRICiabUrY,Niue,,52
mIchAEl wArD,douglasjones@gmail.com,292-551-0604,weST VAneSSa,Sri Lanka,,53
Ms. MONiQuE lowe ,yallen@gmail.com,(628)202-8234x6286,,,,54
dr. EaRL mcCANN Ii,lisahuber@hotmail.com,126-056-0883x62902,new jeSSIcaTown,Timor-Leste,,55
JASmINE pOTter,wilsonstephanie@davis.com,381-164-1597x635,MicHAelmouTh,Cuba,,56
CaroL HenDerSoN,sullivanmelinda@gmail.com,(366)995-2547x5689,SouTH StEVen,Kenya,,57
kiM TorREs ,garrettthompson@yahoo.com,504-667-0245x89264,LakE amANdaBuRgh,Seychelles,,58
chRiSTian wArren,seangarcia@yahoo.com,,NeW jaMES,Kazakhstan,,59
juLiE RobinSon,kimberly10@gutierrez.com,(378)844-3589,angElAHaVeN,Yemen,,60
chRIsTopHeR WaLLace,joseph93@yahoo.com,9574540193,deNisEmoutH,Guatemala,,61
sTEVEN hOWArD ,echavez@patton.com,296.885.9928x76146,NeW ANnEttEtowN,Uruguay,,62
EliZaBETH Jones,kimberly97@rogers.com,470-176-1779x43487,,Iran,,63
lInDa wEBsTER,linmatthew@yahoo.com,(731)365-4531,jOnATHANvILlE,Afghanistan,,64
jeffrEy nash ,bradleypatton@taylor.com,456.457.8184,nORtH mELISSA,,,65
katRiNA donaLDSOn,,602.615.3908x2861,eASt RIchARDfOrT,Cambodia,,66
Michael MilLeR,ortizkristine@gmail.com,083.261.9047,camPBellBeRG,Slovakia (Slovak Republic),,67
kElsey HintOn,pamela65@yahoo.com,504.589.5741,lake naNcy,Nicaragua,,68
JoHN MiRAndA,claudiamartinez@gmail.com,,TAyLORpOrT,Northern Mariana Islands,,69
KRIStEn WiLliamS,wgray@hotmail.com,935.589.1085x591,VElEzhAveN,Gabon,,70
DONnA TurNEr,nmiller@hotmail.com,,POrt lIsA,New Caledonia,,71
TIFFanY pOwELL,christinawilliams@crawford.net,(290)338-6413x831,weSt mARiA,Wallis and Futuna,,72
kAREn POlLARD,,(808)122-1624,NorTH mITcHEll,,,73
StePHANiE KeNNEdY,morankatherine@hotmail.com,+1-154-703-4972x77725,eaST lAUra,Saint Kitts and Nevis,,74
krisTin terrELL,berrylouispierce-villarreal.com,+1-974-485-3300x011,rOBeRtSoNvILle,Guinea,,75
cIndY sanDERs ,sharonhall@gmail.com,+1-425-432-8944x8674,NoRTh cHARLEs,Australia,,76
janET SMItH,ochoaalfred@gmail.com,7129575226,HerRERaFuRT,Algeria,,77
kAtHrYN SulLIvaN ,michaelruiz@martin.com,2770870823,jameSfORt,Tajikistan,,78
jEsSe SanCHez,deniserogers@davenport.com,,aNdREWBerg,Swaziland,,79
TOdd DOUGherTY,brendanmooney@burke.info,001-425-694-0054x387,,Niger,,80
COnNIE rice,justin16@henry.net,8271139271,AsHleYTowN,,,81
sCott lEe,thompsoncassandra@yahoo.com,(296)391-9515x1662,NEw kellYMoUTh,Solomon Islands,,82
ElizaBeth tUrnEr,sromero@hotmail.com,,new BrenDa,Portugal,,83
jEFFREy klEIN ,cherryashlee@yahoo.com,001-838-042-7290x43194,BroWNFuRT,Mayotte,,84
kYlE rODrIGuEZ,tmitchell@miranda.org,+1-247-843-3399x9163,WOOdHaVEN,Moldova,,85
JiMmY REYNOLDS,wolfebrittany@yahoo.com,001-845-168-6194,nortH sARAH,Mali,,86
JeRmaINe lanE,sbeck@gmail.com,726-686-0474,PORT TereSa,Andorra,,87
DAVid tuRNer ,romerothomas@carter-hanson.com,+1-599-003-8630x64043,aLIsOnSTAd,Sudan,,88
daViD rEyEs,,782.520.6907,,South Georgia and the South Sandwich Islands,,89
CAROl blacK,,001-182-103-2869x669,KiMFURt,Kazakhstan,,90
michele wARNeR,arroyodrew@decker.com,097.379.3383x49705,noRTh jeSSicaMOuTH,Nepal,,91
rObErT HaAs,frobinson@phillips.org,383-996-9265x2534,West HEATherbORoUGh,Singapore,,92
ANDREw MCDaNIEl ,gwilliams@hensley.com,9336668674,GoldENbury,Congo,,93
GeorGe ellis,nicolegreenhotmail.com,+1-347-852-3296x58026,nGUYENLaND,Malawi,,94
tIMoTHy KeIth,darlene33@hotmail.com,544.703.2472,CoLeManSTaD,Gibraltar,,95
KRIsTIn MurpHy,warnold@barnes-meza.biz,065-729-7778,,Tokelau,,96
nicHOlAS JaCKSoN phd,alextrevino@gmail.com,416.670.0271x275,jOHnSoNsTaD,Myanmar,,97
sARah rOcha,,001-301-922-0320x5429,nOrTH niCholAS,Myanmar,,98
barRy mORan ,paul78@hotmail.com,(428)607-1374,PORT STEPhENfurT,Indonesia,,99
eric COX,wangdaniel@maxwell-johnson.info,1421877421,TaraSidE,Nigeria,,100
mATThEw JohNSOn ,wellsnathan@hotmail.com,001-225-364-3497x9192,danIeLvILle,Isle of Man,,101
barRy mORan ,paul78@hotmail.com,(428)607-1374,PORT STEPhENfurT,Indonesia,,102
THOmas garCia ,lindseytrevino@robinson.com,188.777.1466x9137,SMiThSHIrE,Cyprus,,103
